feature,evidence,channel,importance_fitted_tree
evidence_1_loss,1,loss,0.0304
evidence_1_agreement,1,agreement,0.6393
evidence_1_delta_loss,1,delta_loss,0.0
evidence_1_delta_agreement,1,delta_agreement,0.0
evidence_2_loss,2,loss,0.0056
evidence_2_agreement,2,agreement,0.0
evidence_2_delta_loss,2,delta_loss,0.0219
evidence_2_delta_agreement,2,delta_agreement,0.0084
evidence_3_loss,3,loss,0.0847
evidence_3_agreement,3,agreement,0.1184
evidence_3_delta_loss,3,delta_loss,0.0078
evidence_3_delta_agreement,3,delta_agreement,0.0
evidence_4_loss,4,loss,0.0
evidence_4_agreement,4,agreement,0.0539
evidence_4_delta_loss,4,delta_loss,0.007
evidence_4_delta_agreement,4,delta_agreement,0.0083
evidence_5_loss,5,loss,0.0094
evidence_5_agreement,5,agreement,0.0028
evidence_5_delta_loss,5,delta_loss,0.0
evidence_5_delta_agreement,5,delta_agreement,0.002
